{
  "ppo": {
    "rewards": [
      -94.69999999999993,
      -94.69999999999993,
      -94.69999999999993,
      -94.69999999999993,
      -94.69999999999993
    ],
    "queries": [
      0,
      0,
      0,
      0,
      0
    ],
    "success": [
      0,
      0,
      0,
      0,
      0
    ]
  },
  "prm": {
    "rewards": [
      -50.0,
      -50.0,
      -50.0,
      -50.0,
      -50.0
    ],
    "queries": [
      0,
      0,
      0,
      0,
      0
    ],
    "success": [
      0,
      0,
      0,
      0,
      0
    ]
  }
}